"Status","Start Time","Stop Time","Duration in ms","Parent Suite","Suite","Sub Suite","Test Class","Test Method","Name","Description"
"passed","Sun Dec 27 15:35:01 CST 2020","Sun Dec 27 15:35:01 CST 2020","0","","test_fix_task","TestCal","","","test_add[负数相加]",""
"passed","Sun Dec 27 15:35:01 CST 2020","Sun Dec 27 15:35:01 CST 2020","0","","test_fix_task","TestCal","","","test_mul[正数相乘]",""
"passed","Sun Dec 27 15:35:01 CST 2020","Sun Dec 27 15:35:01 CST 2020","0","","test_fix_task","TestCal","","","test_sub[与0相减]",""
"passed","Sun Dec 27 15:35:01 CST 2020","Sun Dec 27 15:35:01 CST 2020","0","","test_fix_task","TestCal","","","test_sub[负数相减]",""
"passed","Sun Dec 27 15:35:01 CST 2020","Sun Dec 27 15:35:01 CST 2020","0","","test_fix_task","TestCal","","","test_add[与0相加]",""
"passed","Sun Dec 27 15:35:01 CST 2020","Sun Dec 27 15:35:01 CST 2020","0","","test_fix_task","TestCal","","","test_div[负数相除]",""
"passed","Sun Dec 27 15:35:01 CST 2020","Sun Dec 27 15:35:01 CST 2020","0","","test_fix_task","TestCal","","","test_div[与0相除]",""
"passed","Sun Dec 27 15:35:01 CST 2020","Sun Dec 27 15:35:01 CST 2020","1","","test_fix_task","TestCal","","","test_sub[正数相减]",""
"passed","Sun Dec 27 15:35:01 CST 2020","Sun Dec 27 15:35:01 CST 2020","0","","test_fix_task","TestCal","","","test_mul[负数相乘]",""
"passed","Sun Dec 27 15:35:01 CST 2020","Sun Dec 27 15:35:01 CST 2020","0","","test_fix_task","TestCal","","","test_add[正数相加]",""
"passed","Sun Dec 27 15:35:01 CST 2020","Sun Dec 27 15:35:01 CST 2020","1","","test_fix_task","TestCal","","","test_mul[与0相乘]",""
"passed","Sun Dec 27 15:35:01 CST 2020","Sun Dec 27 15:35:01 CST 2020","0","","test_fix_task","TestCal","","","test_div[正数相除]",""
